visa_cd,name,description
USA_F1,Копия заграничного паспорта,"1 и 2 страница. Действительный заграничный паспорт, срок действия которого не менее чем на шесть месяцев превышает продолжительность предполагаемого периода пребывания в США"
USA_F1,Копия гражданского паспорта,первые две страницы + страница с пропиской
USA_F1,Фотография,"5 х 5 цветная на белом фоне, 80% лица"
USA_F1,"Справка с места работы с указанием должности и оклада(если заявитель на визу работает) или 
справка с места учебы (если заявитель на визу учится)","<ul>
<li>для студентов (копия студенческого билета);</li>
<li> для безработных  (спонсорское письмо от родтсвенника оплачивающего поездку);</li> 
</ul>"
USA_F1,Копия I-20,"форма, утвержденная образовательным учреждением или администратором соответствующей программы в США (можете обратится за помощью к нам если потребуется)"
USA_F1,Копия SevisFee,"копия квитанции об оплате сервисного сбора SEVIS Fee - $200 (можете получить самостоятельно, а можете обратится за помощью к нам если потребуется) "
USA_F1,Выписка из банковского счёта,"выписка должна показывать наличие финансовых средств, которых, по Вашему мнению, достаточно для покрытия всех расходов первого года обучения и иных расходов, связанных с пребыванием в США
(на имя студента либо на имя спонсора поездки)"
USA_F1,Копия документов о наличии движимого и недвижимого имущества,"<ul>
<li>Документы о приватизации квартиры, о владении домом, земельным участком, гаражом.</li>
<li>Документы о владении автомобилем - тех. паспорт или доверенность.</li>
</ul>
(на имя студента либо на имя спонсора поездки)"
USA_F1,Сведения о семье,"копии свидетельства о браке, о рождении детей (если таковые имеются)"
USA_F1,Документы об образовании," документы подтверждающие уровень учебной подготовки. Рекомендуется предоставить оригинал школьного аттестата с оценками, свидетельства о прохождении государственных экзаменов (ЕГЭ, A-levels и проч.), сертификаты о прохождении стандартизованных тестов (SAT, TOEFL и проч.), а также дипломы."
USA_F1,Примечание,"если студент оплачивает поездку не самостоятельно, то потребуются копии финансовых документов  от спонсора поездки, спонсором может выступать один из родственников, в этом случае необходимо доказать родство заявителя на визу со спонсором, для этого может понадобится любой документ подтверждающий родство."
USA_F1,Черновик анкеты ds-160,заполняется на русском языке (далее мы переводим анкету на английский язык и отправляем в посольство)
USA_M1,Копия заграничного паспорта,1 и 2 страница. Паспорт должен быть со сроком действия не менее 6 месяцев с даты предполагаемого въезда в США + Копии предыдущих загран паспортов(если таковые имеются)
USA_M1,Копия гражданского паспорта,первые две страницы + страница с пропиской
USA_M1,Фотография,"5 х 5 цветная на белом фоне, 80% лица"
USA_M1,"Справка с места работы с указанием должности и оклада(если заявитель на визу работает)
Справка с места учебы (если заявитель на визу учится)","<ul>
<li>для студентов (копия студенческого билета);</li>
<li> для безработных  (спонсорское письмо от родтсвенника оплачивающего поездку);</li> 
</ul>
Если заявитель оплачивает поездку не сам, то потребуются копии документов спонсоров поездки"
USA_M1,Копия I-20,"форма, которая запрашивается в принимающем учебном заведении"
USA_M1,Копия SevisFee,копия квитанции об оплате сервисного сбора SEVIS Fee ($200) (Можете обратится за помощью к нам если потребуется)
USA_M1,Выписка из банковского счёта,"выписка должна быть из расчёта полного покрытия всех расходов и стоимости обучения человека
(на имя студента либо на имя спонсора поездки)"
USA_M1,Копия документов о наличии движимого и недвижимого имущества,"<ul>
<li>Документы о приватизации квартиры, о владении домом, земельным участком, гаражом.</li>
<li>Документы о владении автомобилем - тех. паспорт или доверенность.</li>
</ul>
(на имя студента либо на имя спонсора поездки)"
USA_M1,Сведения о семье,"Копии свидетельства о браке, о рождении детей (если таковые имеются)"
USA_M1,Документы об образовании," Документы подтверждающие уровень учебной подготовки. Рекомендуется предоставить оригинал школьного аттестата с оценками, свидетельства о прохождении государственных экзаменов (ЕГЭ, A-levels и проч.), сертификаты о прохождении стандартизованных тестов (SAT, TOEFL и проч.), а также дипломы."
USA_M1,Черновик анкеты ds-160,заполняется на русском языке (далее мы переводим анкету на английский язык и отправляем в посольство)
USA_M1,Примечание,"Если студент оплачивает поездку не самостоятельно, то потребуются копии финансовых документов от спонсора поездки, спонсором может выступать один из родственников, в этом случае необходимо доказать родство заявителя на визу со спонсором, для этого может понадобится любой документ подтверждающий родство."
USA_B1B2_1,Копия заграничного паспорта,"1 и 2 страница. Действительный заграничный паспорт, срок действия которого не менее чем на шесть месяцев превышает продолжительность предполагаемого периода пребывания в США"
USA_B1B2_1,Копия гражданского паспорта,первые две страницы + страница с пропиской
USA_B1B2_1,Фотография,"5 х 5 цветная на белом фоне, 80% лица"
USA_B1B2_1,Справка с места работы и/или учебы,"<ul>
<li>студенты должны предоставить
справку из учебного заведения.</li>
<li>совершеннолетние работающие должны предоставить справку с места работы</li>
<li>предприниматели и руководители организаций должны предоставить документы, подтверждающие Вашу должность в компании и размер заработной платы.</li>
</ul>
Если заявитель на визу не имеет источник дохода, то необходимы документы от спонсора заявителя на визу.


"
USA_B1B2_1,Выписка из банковского счёта,"выписка должна быть сделана из расчёта полного покрытия всех расходов,
 связанных с пребыванием на территории США одного человека или всей группы."
USA_B1B2_1,"Копия документов
 о наличии движимого и недвижимого имущества","<ul>
<li>документы о приватизации квартиры, о владении домом, земельным участком, гаражом.</li>
<li>документы о владении автомобилем - тех. паспорт или доверенность.</li>
</ul>
(на имя студента либо на имя спонсора поездки)"
USA_B1B2_1,Сведения о семье,"копии свидетельства о браке, о рождении детей 
(если таковые имеются)"
USA_B1B2_1,Черновик анкеты ds-160,заполняется на русском языке (далее мы переводим анкету на английский язык и отправляем в посольство)
USA_B1B2_1,Посещение родственников,"для посещения родственников необходимо приглашение от резидента США, приглашение может быть заверено у нотариуса или написано в свободной форме."
USA_C1,Копия заграничного паспорта,1 и 2 страница. Паспорт должен быть со сроком действия не менее 6 месяцев с даты предполагаемого въезда в США + Копии предыдущих загран паспортов(если таковые имеются)
USA_C1,Копия гражданского паспорта,первые две страницы + страница с пропиской
USA_C1,Фотография,"5 х 5 цветная на белом фоне, 80% лица"
USA_C1,"Справка с места работы с указанием должности и оклада(если заявитель на визу работает) или 
справка с места учебы (если заявитель на визу учится)","<ul>
<li>документы о приватизации квартиры, о владении домом, земельным участком, гаражом.</li>
<li>документы о владении автомобилем - тех. паспорт или доверенность.</li>
</ul>
(на имя студента либо на имя спонсора поездки)"
USA_C1,Черновик анкеты ds-160,заполняется на русском языке (далее мы переводим анкету на английский язык и отправляем в посольство)
USA_C1,Финансовые документы,Выписка из банковсоко счета гарантирующая покрытие всех расходов на время поездки
USA_C1,При обращении за транзитной визой необходимо продемонстрировать:,"<ul>
<li>намерение немедленно и без остановок проехать транзитом через территорию США.</li>
<li>билет, выданный транспортной компанией, или иной документ, подтверждающий спланированную поездку до места назначения.</li>
<li>документ, подтверждающий разрешение въехать в другое государство по выбытии из США. (паспорт с визой в ту страну в которую намереваетесь отправится)</li>
</ul>
Если у Вас существует запланированный маршрут, его необходимо предоставить, можно в свободной форме."
USA_D1,Копия заграничного паспорта,1 и 2 страница. Паспорт должен быть со сроком действия не менее 6 месяцев с даты предполагаемого въезда в США + Копии предыдущих загран паспортов(если таковые имеются)
USA_D1,Копия гражданского паспорта,первые две страницы + страница с пропиской
USA_D1,Фотография,"5 х 5 цветная на белом фоне, 80% лица"
USA_D1,Черновик анкеты ds-160,заполняется на русском языке (далее мы переводим анкету на английский язык и отправляем в посольство)
USA_D1,Финансовые документы," финансовые гарантии того, что вы сможете сами обеспечивать себя во время нахождении на судне. 
Это может быть  выписка из банковсоко счета гарантирующая покрытие всех расходов на время поездки или любое другое письмо от работодателя, где написано что работодатель готов обеспечить Вас во время  работы на судне"
USA_D1,Дополнительные документы,"При обращении за визой для членов экипажа воздушных и морских судов необходимо следущее:
<ul>
<li>Справка от компании-работодателя или владельца судна с указанием должности заявителя, судна, на котором выходит заявитель, с идентификационным номером Международной морской организации и маршрута следования судна.</li>
<li>Список членов экипажа, заверенный оригинальной подписью капитана порта.</li>
</ul>
"
USA_I1,Копия заграничного паспорта,"1 и 2 страница. Действительный заграничный паспорт, срок действия которого не менее чем на шесть месяцев превышает продолжительность предполагаемого периода пребывания в США"
USA_I1,Копия гражданского паспорта,первые две страницы + страница с пропиской
USA_I1,Фотография,"5 х 5 цветная на белом фоне, 80% лица"
USA_I1,Удостоверение журналиста.,требуется оригинал
USA_I1,Документы подтверждающие трудоустройство,"<ul>
<li>штатные журналисты представляют справку с места работы с указанием имени и фамилии журналиста, должности в компании, цели и продолжительности поездки в США.</li>
<li>внештатные журналисты, работающие со средством массовой информации по гражданско-правовому договору, предоставляют копию этого договора со следующими реквизитами: имя и фамилия журналиста, должность в компании, срок договора, цель и продолжительность поездки в США.</li>
<li>члены съемочных групп представляют справку с места работы с указанием имени и фамилии члена съемочной группы, должности в компании, названия и краткого описания снимаемого сюжета или программы, цели и продолжительности поездки в США.</li>
<li>независимая продюсерская компания, выполняющая заказ по договору со средством массовой информации, предоставляет письмо от организации-заказчика с указанием имени и фамилии исполнителя, названия и краткого описания снимаемого сюжета или программы, срока договора и продолжительности съемок в США.</li>
</ul>"
USA_I1,Черновик анкеты ds-160,заполняется на русском языке (далее мы переводим анкету на английский язык и отправляем в посольство)
USA_I1,Финансовые документы,"наличие денежных средств, достаточных для осуществления транзитной поездки.
Например выписка из банка
(на имя заявителя либо на имя спонсора поездки)."
USA_I1,Дополнительные документы,"справка с места работы 
с указанием цели и планируемой продолжительности поездки, трудового стажа на данном месте работы и общего стажа работы журналистом."
USA_L1,Необходимые документы,"все необходимые документы для данного типа визы для каждого заявителя индивидуальны.
 Пожалуйста обратитесь к нашему специалисту по телефону или по электронной почте, чтобы он помог Вам собрать все необходимые документы"
USA_O1,Документ о получении наград или премий,признанных на национальном или международном уровне в данной области
USA_O1,Документ о членстве,"индивида в ассоциации, занимающейся деятельностью в данной области"
USA_O1,Печатные материалы,"об индивиде, опубликованные в профессиональных или отраслевых изданиях, или средствах массовой информации."
USA_O1,Доказательства," того, что индивид был принят на работу из-за наличия у него критически важной или необходимой компетенции в области его специализации."
USA_O1,Доказательства ,"того, что индивид имел или будет иметь высокую зарплату."
USA_R1,Если Вы священнослужитель,"необходимо представить документ, подтверждающий полномочия отправлять религиозные обряды соответствующей конфессии. В этом документе должны быть подробно указаны Ваши обязанности."
USA_R1,Если Вы специалист,"в области религии, необходимо представить документ об образовании, свидетельствующий о наличии у Вас как минимум степени бакалавра или ее эквивалента, при условии, что это образование является обязательным для занятия соответствующей религиозной деятельностью на профессиональной основе."
USA_R1,Если Вы работаете на непрофессиональной основе,"необходимо представить документ, подтверждающий, что Вы можете заниматься таким видом деятельности, при условии, что характер выполняемой работы относится к традиционным религиозным функциям."
USA_R1,Документы о назначенном вознаграждении,"В таких документах должен быть указан размер и источники заработной платы и других видов компенсаций, например питания и проживания, а также другие льготы и блага, для которых возможна денежная оценка. В документах должно быть указание, является ли вознаграждение платой за выполняемую работу."
USA_R1,Сведения о религиозной организации,"сведения о наименовании и адресе религиозной организации или ее подразделения, в котором Вы будете работать."
USA_R1,Если Вы будете работать,"в организации, которая связана с организацией, относящейся к определенной конфессии, необходимо предоставить описание отношений между этими двумя организациями."
USA_R1,"Документы,",подтверждающие наличие активов у религиозной организации и методы ведения ее деятельности.
USA_H1B,Необходимые документы,"все необходимые документы для данного типа визы для каждого заявителя индивидуальны.
 Пожалуйста обратитесь к нашему специалисту по телефону или по электронной почте, чтобы он помог Вам собрать все необходимые документы"
CANADA_TRV,Копия  действительного заграничного паспорта,"1 и 2 страница. Посольство Канады запрашивает паспорт только в том случае, когда вопрос о выдаче визы решен положительно. Никаких штампов в паспорт об отказе в визе канадцы не ставят"
CANADA_TRV,Копия гражданского паспорта,первые две страницы + страница с пропиской+все заполненные страницы 
CANADA_TRV,Фотография,Фото 35мм х 45мм – 2 штуки
CANADA_TRV,Справка с работы/учебы(копия),"Справка с работы (с указанием вашего оклада и стажа).
 Владельцы собственного бизнеса должны предоставить документы о регистрации предприятия и постановке его на учет в налоговой инспекции"
CANADA_TRV,Выписка с банковского счета(копия),"Желательно, плюс к этому, иметь движение по счету за последние 3-4 месяца "
CANADA_TRV,Копии виз,Ваша история путешествий оценивается по Вашим предыдущим визам
CANADA_TRV,План поездки,"План, расписанный по дням, с описанием мест, мероприятий, которые хотите посетить"
CANADA_TRV,Черновик анкеты,"Черновик анкеты с некоторыми вопросами, ответы на  которые необходимы  нам для того чтобы 
мы заполнили основную анкету IMM 5257E  на английском языке и отправили её в посольство Канады"
CANADA_TRV,Согласие,"Нотариально заверенное согласие родителей на выезд, если ребенок до 18 лет въезжает в Канаду без сопровождения родителей."
CANADA_TRV,Дополнительные документы,"<ul>
<li>Копии свидетельства о браке и свидетельства о рождении детей</li>
<li>Визитка + буклеты фирмы + копия свидетельства о регистрации фирмы (если Вы владелец или Ген.директор).</li>
<li>Если Вы являетесь учредителем, соучредителем предприятия - учредительные документы, свидетельство о регистрации, лицензия, счета и другие материалы, подтверждающие прочное экономическое положение Вашего предприятия</li>
<li>Старые загранпаспорта со многими поездками,</li>
<li>Документы о владении недвижимостью – квартирой, дачей, домом. Это может быть свидетельство о приватизации, договор купли-продажи, любой государственный документ, удостоверяющий Ваше право собственности. Ксерокопия (На собеседование возьмете с собой оригинал).</li>
<li>Документы на владение автомобилем (ксерокопия техпаспорта или ПТС).</li>
</ul>"
CANADA_TRV1,Копия  действительного заграничного паспорта,"1 и 2 страница. Посольство Канады запрашивает паспорт только в том случае, когда вопрос о выдаче визы решен положительно. Никаких штампов в паспорт об отказе в визе канадцы не ставят"
CANADA_TRV1,Копия гражданского паспорта,Первые две страницы + страница с пропиской+все заполненные страницы 
CANADA_TRV1,Фотография,Фото 35мм х 45мм – 2 штуки
CANADA_TRV1,Справка с работы/учебы(копия),"Справка с работы (с указанием вашего оклада и стажа).
 Владельцы собственного бизнеса должны предоставить документы о регистрации предприятия и постановке его на учет в налоговой инспекции"
CANADA_TRV1,Выписка с банковского счета(копия),"Желательно, плюс к этому, иметь движение по счету за последние 3-4 месяца "
CANADA_TRV1,Копии виз,Ваша история путешествий оценивается по Вашим предыдущим визам
CANADA_TRV1,Приглашение,"<ul>
<li>Приглашение из Канады, в котором должны быть указаны имя, 
адрес и телефон приглашающей стороны (можно копию).</li>
<li>Копия канадской иммиграционной визы (форма IMM 1000) или копия карточки постоянного резидента Канады, или документальное подтверждение канадского гражданства приглашающей стороны.</li>
<li>Копия последнего официального подтверждения финансовой состоятельности принимающей стороны (например, извещение из Министерства по налоговым сборам Канады - Notice of Assissment).</li>
<li>Письмо от работодателя приглашающего Вас лица с указанием его/ее должности, с какого времени он/она работает в данном месте и его/ее зарплаты.</li>
</ul>"
CANADA_TRV1,Дополнительные документы,"<ul>
<li>Копии свидетельства о браке и свидетельства о рождении детей</li>
<li>Визитка + буклеты фирмы + копия свидетельства о регистрации фирмы (если Вы владелец или Ген.директор).</li>
<li>Если Вы являетесь учредителем, соучредителем предприятия - учредительные документы, свидетельство о регистрации, лицензия, счета и другие материалы, подтверждающие прочное экономическое положение Вашего предприятия</li>
<li>Старые загранпаспорта со многими поездками,</li>
<li>Документы о владении недвижимостью – квартирой, дачей, домом. Это может быть свидетельство о приватизации, договор купли-продажи, любой государственный документ, удостоверяющий Ваше право собственности. Ксерокопия (На собеседование возьмете с собой оригинал).</li>
<li>Документы на владение автомобилем (ксерокопия техпаспорта или ПТС).</li>
</ul>"
CANADA_TRV1,Черновик анкеты,"Черновик анкеты с некоторыми вопросами, ответы на  которые необходимы  нам для того чтобы 
мы заполнили основную анкету IMM 5257E  на английском языке и отправили её в посольство Канады"
CANADA_TRV1,Согласие,"Нотариально заверенное согласие родителей на выезд, если ребенок до 18 лет въезжает в Канаду без сопровождения родителей."
CANADA_TRV2,Копия  действительного заграничного паспорта,"1 и 2 страница. Посольство Канады запрашивает паспорт только в том случае, когда вопрос о выдаче визы решен положительно. Никаких штампов в паспорт об отказе в визе канадцы не ставят"
CANADA_TRV2,Копия гражданского паспорта,Первые две страницы + страница с пропиской+все заполненные страницы 
CANADA_TRV2,Фотография,Фото 35мм х 45мм – 2 штуки
CANADA_TRV2,Справка с работы/учебы(копия),"Справка с работы (с указанием вашего оклада и стажа).
 Владельцы собственного бизнеса должны предоставить документы о регистрации предприятия и постановке его на учет в налоговой инспекции"
CANADA_TRV2,Выписка с банковского счета(копия),"Желательно, плюс к этому, иметь движение по счету за последние 3-4 месяца "
CANADA_TRV2,Копии виз,Ваша история путешествий оценивается по Вашим предыдущим визам
CANADA_TRV2,Дополнительные документы,"<ul>
<li>Копии свидетельства о браке и свидетельства о рождении детей</li>
<li>Визитка + буклеты фирмы + копия свидетельства о регистрации фирмы (если Вы владелец или Ген.директор).</li>
<li>Если Вы являетесь учредителем, соучредителем предприятия - учредительные документы, свидетельство о регистрации, лицензия, счета и другие материалы, подтверждающие прочное экономическое положение Вашего предприятия</li>
<li>Старые загранпаспорта со многими поездками,</li>
<li>Документы о владении недвижимостью – квартирой, дачей, домом. Это может быть свидетельство о приватизации, договор купли-продажи, любой государственный документ, удостоверяющий Ваше право собственности. Ксерокопия (На собеседование возьмете с собой оригинал).</li>
<li>Документы на владение автомобилем (ксерокопия техпаспорта или ПТС).</li>
</ul>"
CANADA_TRV2,Черновик анкеты,"Черновик анкеты с некоторыми вопросами, ответы на  которые необходимы  нам для того чтобы 
мы заполнили основную анкету IMM 5257E  на английском языке и отправили её в посольство Канады"
CANADA_TRV2,Письмо о зачислении в школу, Необходимо получить письмо от Канадской школы о том что Вы приняты на обучение
CANADA_TRV2,Согласие,"Нотариально заверенное согласие родителей на выезд, если ребенок до 18 лет въезжает в Канаду без сопровождения родителей."
CANADA_TRV2,Дополнительные документы,"<ul>
<li>Копии свидетельства о браке и свидетельства о рождении детей</li>
<li>Визитка + буклеты фирмы + копия свидетельства о регистрации фирмы (если Вы владелец или Ген.директор).</li>
<li>Если Вы являетесь учредителем, соучредителем предприятия - учредительные документы, свидетельство о регистрации, лицензия, счета и другие материалы, подтверждающие прочное экономическое положение Вашего предприятия</li>
<li>Старые загранпаспорта со многими поездками,</li>
<li>Документы о владении недвижимостью – квартирой, дачей, домом. Это может быть свидетельство о приватизации, договор купли-продажи, любой государственный документ, удостоверяющий Ваше право собственности. Ксерокопия (На собеседование возьмете с собой оригинал).</li>
<li>Документы на владение автомобилем (ксерокопия техпаспорта или ПТС).</li>
</ul>"
CANADA_TRV3,Копия  действительного заграничного паспорта,"1 и 2 страница. Посольство Канады запрашивает паспорт только в том случае, когда вопрос о выдаче визы решен положительно. Никаких штампов в паспорт об отказе в визе канадцы не ставят"
CANADA_TRV3,Копия гражданского паспорта,Первые две страницы + страница с пропиской+все заполненные страницы 
CANADA_TRV3,Фотография,Фото 35мм х 45мм – 2 штуки
CANADA_TRV3,Справка с работы/учебы(копия),"Справка с работы (с указанием вашего оклада и стажа).
 Владельцы собственного бизнеса должны предоставить документы о регистрации предприятия и постановке его на учет в налоговой инспекции"
CANADA_TRV3,Выписка с банковского счета(копия),"Желательно, плюс к этому, иметь движение по счету за последние 3-4 месяца "
CANADA_TRV3,Копии виз,Ваша история путешествий оценивается по Вашим предыдущим визам
CANADA_TRV3,Приглашение,"<ul>
<li>Приглашение из Канады, в котором должны быть указаны имя, 
адрес и телефон приглашающей стороны (можно копию).</li>
<li>Копия канадской иммиграционной визы (форма IMM 1000) или копия карточки постоянного резидента Канады, или документальное подтверждение канадского гражданства приглашающей стороны.</li>
<li>Копия последнего официального подтверждения финансовой состоятельности принимающей стороны (например, извещение из Министерства по налоговым сборам Канады - Notice of Assissment).</li>
<li>Письмо от работодателя приглашающего Вас лица с указанием его/ее должности, с какого времени он/она работает в данном месте и его/ее зарплаты.</li>
</ul>"
CANADA_TRV3,Черновик анкеты,"Черновик анкеты с некоторыми вопросами, ответы на  которые необходимы  нам для того чтобы 
мы заполнили основную анкету IMM 5257E  на английском языке и отправили её в посольство Канады"
CANADA_TRV3,Письмо о зачислении в школу,"В случае если цель вашей поездки изучение языка или 
краткосрочное обучение сроком не более 6 месяцев, то необходимо получить письмо от Канадской школы о том что Вы приняты на обучение"
CANADA_TRV3,Согласие,"Нотариально заверенное согласие родителей на выезд, если ребенок до 18 лет въезжает в Канаду без сопровождения родителей."
CANADA_TRV3,Дополнительные документы,"<ul>
<li>Копии свидетельства о браке и свидетельства о рождении детей</li>
<li>Визитка + буклеты фирмы + копия свидетельства о регистрации фирмы (если Вы владелец или Ген.директор).</li>
<li>Если Вы являетесь учредителем, соучредителем предприятия - учредительные документы, свидетельство о регистрации, лицензия, счета и другие материалы, подтверждающие прочное экономическое положение Вашего предприятия</li>
<li>Старые загранпаспорта со многими поездками,</li>
<li>Документы о владении недвижимостью – квартирой, дачей, домом. Это может быть свидетельство о приватизации, договор купли-продажи, любой государственный документ, удостоверяющий Ваше право собственности. Ксерокопия (На собеседование возьмете с собой оригинал).</li>
<li>Документы на владение автомобилем (ксерокопия техпаспорта или ПТС).</li>
</ul>"
CANADA_STD,Копия  действительного заграничного паспорта,"1 и 2 страница. Посольство Канады запрашивает паспорт только в том случае, когда вопрос о выдаче визы решен положительно. Никаких штампов в паспорт об отказе в визе канадцы не ставят"
CANADA_STD,Копия гражданского паспорта,Первые две страницы + страница с пропиской+все заполненные страницы 
CANADA_STD,Фотография,Фото 35мм х 45мм – 2 штуки
CANADA_STD,Справка с работы/учебы(копия),"Справка с работы (с указанием вашего оклада и стажа).
 Владельцы собственного бизнеса должны предоставить документы о регистрации предприятия и постановке его на учет в налоговой инспекции"
CANADA_STD,Выписка с банковского счета(копия),"Желательно, плюс к этому, иметь движение по счету за последние 3-4 месяца "
CANADA_STD,Копии виз,Ваша история путешествий оценивается по Вашим предыдущим визам
CANADA_STD,Приглашение от школы или университета,"План, расписанный по дням, с описанием мест, мероприятий, которые хотите посетить"
CANADA_STD,Черновик анкеты,"Черновик анкеты с некоторыми вопросами, ответы на  которые необходимы  нам для того чтобы 
мы заполнили основную анкету   на английском языке и отправили её в посольство Австралии"
CANADA_STD,Согласие,"Нотариально заверенное согласие родителей на выезд, если ребенок до 18 лет въезжает в Канаду без сопровождения родителей."
CANADA_STD,Дополнительные документы,"<ul>
<li>Копии свидетельства о браке и свидетельства о рождении детей</li>
<li>Визитка + буклеты фирмы + копия свидетельства о регистрации фирмы (если Вы владелец или Ген.директор).</li>
<li>Если Вы являетесь учредителем, соучредителем предприятия - учредительные документы, свидетельство о регистрации, лицензия, счета и другие материалы, подтверждающие прочное экономическое положение Вашего предприятия</li>
<li>Старые загранпаспорта со многими поездками,</li>
<li>Документы о владении недвижимостью – квартирой, дачей, домом. Это может быть свидетельство о приватизации, договор купли-продажи, любой государственный документ, удостоверяющий Ваше право собственности. Ксерокопия (На собеседование возьмете с собой оригинал).</li>
<li>Документы на владение автомобилем (ксерокопия техпаспорта или ПТС).</li>
</ul>"
AUSTRALIA_600_1,Копия  действительного заграничного паспорта,"1 и 2 страница. Посольство Канады запрашивает паспорт только в том случае, когда вопрос о выдаче визы решен положительно. Никаких штампов в паспорт об отказе в визе канадцы не ставят"
AUSTRALIA_600_1,Копия гражданского паспорта,Первые две страницы + страница с пропиской+все заполненные страницы 
AUSTRALIA_600_1,Фотография,Фото 35мм х 45мм – 2 штуки
AUSTRALIA_600_1,,"Справка с работы (с указанием вашего оклада и стажа).
 Владельцы собственного бизнеса должны предоставить документы о регистрации предприятия и постановке его на учет в налоговой инспекции"
AUSTRALIA_600_1,Справка с работы/учебы(копия),"Желательно, плюс к этому, иметь движение по счету за последние 3-4 месяца "
AUSTRALIA_600_1,Дополнительные документы,"<ul>
<li>Копии свидетельства о браке и свидетельства о рождении детей</li>
<li>Визитка + буклеты фирмы + копия свидетельства о регистрации фирмы (если Вы владелец или Ген.директор).</li>
<li>Если Вы являетесь учредителем, соучредителем предприятия - учредительные документы, свидетельство о регистрации, лицензия, счета и другие материалы, подтверждающие прочное экономическое положение Вашего предприятия</li>
<li>Старые загранпаспорта со многими поездками,</li>
<li>Документы о владении недвижимостью – квартирой, дачей, домом. Это может быть свидетельство о приватизации, договор купли-продажи, любой государственный документ, удостоверяющий Ваше право собственности. Ксерокопия (На собеседование возьмете с собой оригинал).</li>
<li>Документы на владение автомобилем (ксерокопия техпаспорта или ПТС).</li>
</ul>"
AUSTRALIA_600_1,Черновик анкеты,"Черновик анкеты с некоторыми вопросами, ответы на  которые необходимы  нам для того чтобы 
мы заполнили основную анкету   на английском языке и отправили её в посольство Австралии"
AUSTRALIA_600_1,Копии виз,Ваша история путешествий оценивается по Вашим предыдущим визам
AUSTRALIA_600_1,Согласие,"Нотариально заверенное согласие родителей на выезд, если ребенок до 18 лет въезжает в Австралию без сопровождения родителей."
AUSTRALIA_600_1,Приглашение,"Для того чтобы получить гостевую визу в Австралию, необходимо сначало  получить документы от гражданина  или резидента Австралии:
Приглашение из Австралии, с доказательствами платежеспособности приглашающего лица, указанием его готовности взять на себя расходы и сроком Вашего пребывания в стране;
Копия австралийского паспорта (можно по электронной почте)"
AUSTRALIA_600_2,Копия  действительного заграничного паспорта,"1 и 2 страница. Посольство Канады запрашивает паспорт только в том случае, когда вопрос о выдаче визы решен положительно. Никаких штампов в паспорт об отказе в визе канадцы не ставят"
AUSTRALIA_600_2,Копия гражданского паспорта,Первые две страницы + страница с пропиской+все заполненные страницы 
AUSTRALIA_600_2,Фотография,Фото 35мм х 45мм – 2 штуки
AUSTRALIA_600_2,Справка с работы/учебы(копия),"Справка с работы (с указанием вашего оклада и стажа).
 Владельцы собственного бизнеса должны предоставить документы о регистрации предприятия и постановке его на учет в налоговой инспекции"
AUSTRALIA_600_2,Выписка с банковского счета(копия),"Желательно, плюс к этому, иметь движение по счету за последние 3-4 месяца "
AUSTRALIA_600_2,Дополнительные документы,"<ul>
<li>Копии свидетельства о браке и свидетельства о рождении детей</li>
<li>Визитка + буклеты фирмы + копия свидетельства о регистрации фирмы (если Вы владелец или Ген.директор).</li>
<li>Если Вы являетесь учредителем, соучредителем предприятия - учредительные документы, свидетельство о регистрации, лицензия, счета и другие материалы, подтверждающие прочное экономическое положение Вашего предприятия</li>
<li>Старые загранпаспорта со многими поездками,</li>
<li>Документы о владении недвижимостью – квартирой, дачей, домом. Это может быть свидетельство о приватизации, договор купли-продажи, любой государственный документ, удостоверяющий Ваше право собственности. Ксерокопия (На собеседование возьмете с собой оригинал).</li>
<li>Документы на владение автомобилем (ксерокопия техпаспорта или ПТС).</li>
</ul>"
AUSTRALIA_600_2,Копии виз,Ваша история путешествий оценивается по Вашим предыдущим визам
AUSTRALIA_600_2,Черновик анкеты,"Черновик анкеты с некоторыми вопросами, ответы на  которые необходимы  нам для того чтобы 
мы заполнили основную анкету   на английском языке и отправили её в посольство Австралии"
AUSTRALIA_600_2,Согласие,"Нотариально заверенное согласие родителей на выезд, если ребенок до 18 лет въезжает в Австралию без сопровождения родителей."
AUSTRALIA_600_2,План поездки,"План, расписанный по дням, с описанием мест, мероприятий, которые хотите посетить"
AUSTRALIA_600_3,Копия  действительного заграничного паспорта,"1 и 2 страница. Посольство Канады запрашивает паспорт только в том случае, когда вопрос о выдаче визы решен положительно. Никаких штампов в паспорт об отказе в визе канадцы не ставят"
AUSTRALIA_600_3,Копия гражданского паспорта,Первые две страницы + страница с пропиской+все заполненные страницы 
AUSTRALIA_600_3,Фотография,Фото 35мм х 45мм – 2 штуки
AUSTRALIA_600_3,Справка с работы/учебы(копия),"Справка с работы (с указанием вашего оклада и стажа).
 Владельцы собственного бизнеса должны предоставить документы о регистрации предприятия и постановке его на учет в налоговой инспекции"
AUSTRALIA_600_3,Выписка с банковского счета(копия),"Желательно, плюс к этому, иметь движение по счету за последние 3-4 месяца "
AUSTRALIA_600_3,Дополнительные документы,"<ul>
<li>Копии свидетельства о браке и свидетельства о рождении детей</li>
<li>Визитка + буклеты фирмы + копия свидетельства о регистрации фирмы (если Вы владелец или Ген.директор).</li>
<li>Если Вы являетесь учредителем, соучредителем предприятия - учредительные документы, свидетельство о регистрации, лицензия, счета и другие материалы, подтверждающие прочное экономическое положение Вашего предприятия</li>
<li>Старые загранпаспорта со многими поездками,</li>
<li>Документы о владении недвижимостью – квартирой, дачей, домом. Это может быть свидетельство о приватизации, договор купли-продажи, любой государственный документ, удостоверяющий Ваше право собственности. Ксерокопия (На собеседование возьмете с собой оригинал).</li>
<li>Документы на владение автомобилем (ксерокопия техпаспорта или ПТС).</li>
</ul>"
AUSTRALIA_600_3,Копии виз,Ваша история путешествий оценивается по Вашим предыдущим визам
AUSTRALIA_600_3,Черновик анкеты,"Черновик анкеты с некоторыми вопросами, ответы на  которые необходимы  нам для того чтобы 
мы заполнили основную анкету   на английском языке и отправили её в посольство Австралии"
AUSTRALIA_600_3,Согласие,"Нотариально заверенное согласие родителей на выезд, если ребенок до 18 лет въезжает в Австралию без сопровождения родителей."
AUSTRALIA_600_3,Деловая поездка," Для деловых поездок в Австралию (посещение конференций, проведение переговоров и бизнес встреч).
 Виза НЕ может быть использована для выполнения каких-либо работ и предоставления услуг австралийской организации, а также продажи товаров/услуг"
AUSTRALIA_600_4,Копия  действительного заграничного паспорта,"1 и 2 страница. Посольство Канады запрашивает паспорт только в том случае, когда вопрос о выдаче визы решен положительно. Никаких штампов в паспорт об отказе в визе канадцы не ставят"
AUSTRALIA_600_4,Копия гражданского паспорта,Первые две страницы + страница с пропиской+все заполненные страницы 
AUSTRALIA_600_4,Фотография,Фото 35мм х 45мм – 2 штуки
AUSTRALIA_600_4,Справка с работы/учебы(копия),"Справка с работы (с указанием вашего оклада и стажа).
 Владельцы собственного бизнеса должны предоставить документы о регистрации предприятия и постановке его на учет в налоговой инспекции"
AUSTRALIA_600_4,Выписка с банковского счета(копия),"Желательно, плюс к этому, иметь движение по счету за последние 3-4 месяца "
AUSTRALIA_600_4,Дополнительные документы,"<ul>
<li>Копии свидетельства о браке и свидетельства о рождении детей</li>
<li>Визитка + буклеты фирмы + копия свидетельства о регистрации фирмы (если Вы владелец или Ген.директор).</li>
<li>Если Вы являетесь учредителем, соучредителем предприятия - учредительные документы, свидетельство о регистрации, лицензия, счета и другие материалы, подтверждающие прочное экономическое положение Вашего предприятия</li>
<li>Старые загранпаспорта со многими поездками,</li>
<li>Документы о владении недвижимостью – квартирой, дачей, домом. Это может быть свидетельство о приватизации, договор купли-продажи, любой государственный документ, удостоверяющий Ваше право собственности. Ксерокопия (На собеседование возьмете с собой оригинал).</li>
<li>Документы на владение автомобилем (ксерокопия техпаспорта или ПТС).</li>
</ul>"
AUSTRALIA_600_4,Копии виз,Ваша история путешествий оценивается по Вашим предыдущим визам
AUSTRALIA_600_4,Черновик анкеты,"Черновик анкеты с некоторыми вопросами, ответы на  которые необходимы  нам для того чтобы 
мы заполнили основную анкету   на английском языке и отправили её в посольство Австралии"
AUSTRALIA_600_4,Согласие,"Нотариально заверенное согласие родителей на выезд, если ребенок до 18 лет въезжает в Австралию без сопровождения родителей."
AUSTRALIA_600_4,Обучение до 3 месяцев,"Данная виза подходит для обучения сроком до 3 месяцев 
(обычно ээто виза используется для языковых школ)"
USA_B1B2_2,Копия заграничного паспорта,"1 и 2 страница. Действительный заграничный паспорт, срок действия которого не менее чем на шесть месяцев превышает продолжительность предполагаемого периода пребывания в США"
USA_B1B2_2,Копия гражданского паспорта,первые две страницы + страница с пропиской
USA_B1B2_2,Фотография,"5 х 5 цветная на белом фоне, 80% лица"
USA_B1B2_2,Справка с места работы и/или учебы,"<ul>
<li>студенты должны предоставить
справку из учебного заведения.</li>
<li>совершеннолетние работающие должны предоставить справку с места работы</li>
<li>предприниматели и руководители организаций должны предоставить документы, подтверждающие Вашу должность в компании и размер заработной платы.</li>
</ul>
Если заявитель на визу не имеет источник дохода, то необходимы документы от спонсора заявителя на визу.


"
USA_B1B2_2,Выписка из банковского счёта,"выписка должна быть сделана из расчёта полного покрытия всех расходов,
 связанных с пребыванием на территории США одного человека или всей группы."
USA_B1B2_2,"Копия документов
 о наличии движимого и недвижимого имущества","<ul>
<li>документы о приватизации квартиры, о владении домом, земельным участком, гаражом.</li>
<li>документы о владении автомобилем - тех. паспорт или доверенность.</li>
</ul>
(на имя студента либо на имя спонсора поездки)"
USA_B1B2_2,Сведения о семье,"копии свидетельства о браке, о рождении детей 
(Если таковые имеются)"
USA_B1B2_2,Черновик анкеты ds-160,заполняется на русском языке (далее мы переводим анкету на английский язык и отправляем в посольство)
USA_B1B2_3,Копия заграничного паспорта,"1 и 2 страница. Действительный заграничный паспорт, срок действия которого не менее чем на шесть месяцев превышает продолжительность предполагаемого периода пребывания в США"
USA_B1B2_3,Копия гражданского паспорта,первые две страницы + страница с пропиской
USA_B1B2_3,Фотография,"5 х 5 цветная на белом фоне, 80% лица"
USA_B1B2_3,Справка с места работы и/или учебы,"<ul>
<li>студенты должны предоставить
справку из учебного заведения.</li>
<li>совершеннолетние работающие должны предоставить справку с места работы</li>
<li>предприниматели и руководители организаций должны предоставить документы, подтверждающие должность в компании и размер заработной платы.</li>
</ul>
Если заявитель на визу не имеет источник дохода, то необходимы документы от спонсора заявителя на визу.


"
USA_B1B2_3,Выписка из банковского счёта,"выписка должна быть сделана из расчёта полного покрытия всех расходов,
 связанных с пребыванием на территории США одного человека или всей группы."
USA_B1B2_3,"Копия документов
 о наличии движимого и недвижимого имущества","<ul>
<li>документы о приватизации квартиры, о владении домом, земельным участком, гаражом.</li>
<li>документы о владении автомобилем - тех. паспорт или доверенность.</li>
</ul>
(на имя студента либо на имя спонсора поездки)"
USA_B1B2_3,Сведения о семье,"копии свидетельства о браке, о рождении детей 
(если таковые имеются)"
USA_B1B2_3,Черновик анкеты ds-160,заполняется на русском языке (далее мы переводим анкету на английский язык и отправляем в посольство)
USA_B1B2_3,Деловая поездка," для деловых поездок в США (посещение конференций, проведение переговоров и бизнес встреч).
 Виза НЕ может быть использована для выполнения каких-либо работ и предоставления услуг австралийской организации, а также продажи товаров/услуг"
USA_B1B2_4,Копия заграничного паспорта,"1 и 2 страница. Действительный заграничный паспорт, срок действия которого не менее чем на шесть месяцев превышает продолжительность предполагаемого периода пребывания в США"
USA_B1B2_4,Копия гражданского паспорта,первые две страницы + страница с пропиской
USA_B1B2_4,Фотография,"5 х 5 цветная на белом фоне, 80% лица"
USA_B1B2_4,Справка с места работы и/или учебы,"<ul>
<li>студенты должны предоставить
справку из учебного заведения.</li>
<li>совершеннолетние работающие должны предоставить справку с места работы</li>
<li>предприниматели и руководители организаций должны предоставить документы, подтверждающие Вашу должность в компании и размер заработной платы.</li>
</ul>
Если заявитель на визу не имеет источник дохода, то необходимы документы от спонсора заявителя на визу.


"
USA_B1B2_4,Выписка из банковского счёта,"выписка должна быть сделана из расчёта полного покрытия всех расходов,
 связанных с пребыванием на территории США одного человека или всей группы."
USA_B1B2_4,"Копия документов
 о наличии движимого и недвижимого имущества*","<ul>
<li>документы о приватизации квартиры, о владении домом, земельным участком, гаражом.</li>
<li>документы о владении автомобилем - тех. паспорт или доверенность.</li>
</ul>
(на имя студента либо на имя спонсора поездки)"
USA_B1B2_4,Сведения о семье,"копии свидетельства о браке, о рождении детей 
(если таковые имеются)"
USA_B1B2_4,Черновик анкеты ds-160,заполняется на русском языке (далее мы переводим анкету на английский язык и отправляем в посольство)
USA_B1B2_4,Обучение до 6 месяцев в году  и до 18 часов в неделю,"данная виза подходит для обучения сроком до 6 месяцев до 18 часов в неделю
(обычно эта виза используется для обучения в  языковых школах)
"
USA_B1B2_5,Копия гражданского паспорта,первые две страницы + страница с пропиской
USA_B1B2_5,Фотография,"5 х 5 цветная на белом фоне, 80% лица"
USA_B1B2_5,Справка с места работы и/или учебы,"<ul>
<li>студенты должны предоставить
документы об образовании: аттестаты, дипломы, приложения к дипломам. Также возьмите с собой документы, подтверждающие, что Вы в настоящее время учитесь в высшем учебном заведении, и документы, подтверждающие Ваши финансовые возможности, например помесячные выписки с банковских счетов и приходные кассовые ордера (или иные документы) о взносах на вклад и т. п.</li>
<li>совершеннолетние работающие должны предоставить справку с места работы и расчетные листки по заработной плате за последние три месяца.</li>
<li>предприниматели и руководители организаций должны предоставить документы, подтверждающие Вашу должность в компании и размер заработной платы.</li>
</ul>
Если заявитель на визу не имеет источник дохода, то необходимы документы от спонсора заявителя на визу.


"
USA_B1B2_5,Выписка из банковского счёта,"выписка должна быть сделана из расчёта полного покрытия всех расходов,
 связанных с пребыванием на территории США одного человека или всей группы."
USA_B1B2_5,"Копия документов
 о наличии движимого и недвижимого имущества","<ul>
<li>документы о приватизации квартиры, о владении домом, земельным участком, гаражом.</li>
<li>документы о владении автомобилем - тех. паспорт или доверенность.</li>
</ul>
(на имя студента либо на имя спонсора поездки)"
USA_B1B2_5,Сведения о семье,"копии свидетельства о браке, о рождении детей 
(если таковые имеются)"
USA_B1B2_5,Черновик анкеты ds-160,заполняется на русском языке (далее мы переводим анкету на английский язык и отправляем в посольство)
USA_B1B2_5,Для медицинской помощи и родов необходимо," <ul>
<li>письмо (эпикриз) от лечащего врача с указанием диагноза, природы заболевания и причины, по которой требуется получение медицинской помощи в США.</li>
<li>письмо от врача или из лечебного учреждения в США, в котором указывается готовность лечить Ваше заболевание, планируемая продолжительность лечения и стоимость медицинских услуг, включая вознаграждение врачей и лечебного учреждения, а также все другие расходы, связанные с лечением.</li>
<li>заявление о финансовой ответственности физических и юридических лиц, оплачивающих Вашу поездку и покрывающих медицинские расходы и расходы на проживание. <p>физические лица, гарантирующие оплату таких расходов, должны предоставить документы, подтверждающие соответствующие финансовые возможности, например справки из банков о вкладах и счетах или иные подтверждения доходов и сбережений, включая заверенные копии налоговых деклараций</p></li>
</ul>"
AUSTRALIA_570,Копия  действительного заграничного паспорта,"1 и 2 страница. Посольство Канады запрашивает паспорт только в том случае, когда вопрос о выдаче визы решен положительно. Никаких штампов в паспорт об отказе в визе канадцы не ставят"
AUSTRALIA_570,Копия гражданского паспорта,первые две страницы + страница с пропиской+все заполненные страницы 
AUSTRALIA_570,Фотография,фото 35мм х 45мм – 2 штуки
AUSTRALIA_570,Справка с работы/учебы(копия),"справка с работы (с указанием вашего оклада и стажа).
 Владельцы собственного бизнеса должны предоставить документы о регистрации предприятия и постановке его на учет в налоговой инспекции"
AUSTRALIA_570,Приглашение от школы или университета,"письмо-приглашение от австралийского образовательного учреждения о предварительном зачислении. 
В письме должны быть указаны название курса, стоимость и планируемые даты начала и окончания обучения;"
AUSTRALIA_570,Выписка с банковского счета(копия),"Желательно, плюс к этому, иметь движение по счету за последние 3-4 месяца "
AUSTRALIA_570,Военный билет,Для всех граждан мужского пола необходим военный билет или преписной
AUSTRALIA_570,Копии виз,Ваша история путешествий оценивается по Вашим предыдущим визам
AUSTRALIA_570,Черновик анкеты,"Черновик анкеты с некоторыми вопросами, ответы на  которые необходимы  нам для того чтобы 
мы заполнили основную анкету   на английском языке и отправили её в посольство Канады"
AUSTRALIA_570,Согласие,"Нотариально заверенное согласие родителей на выезд, если ребенок до 18 лет въезжает в Австралию без сопровождения родителей."
AUSTRALIA_602,Копия  действительного заграничного паспорта,"1 и 2 страница. Посольство Канады запрашивает паспорт только в том случае, когда вопрос о выдаче визы решен положительно. Никаких штампов в паспорт об отказе в визе канадцы не ставят"
AUSTRALIA_602,Копия гражданского паспорта,Первые две страницы + страница с пропиской+все заполненные страницы 
AUSTRALIA_602,Фотография,Фото 35мм х 45мм – 2 штуки
AUSTRALIA_602,Справка с работы/учебы(копия),"Справка с работы (с указанием вашего оклада и стажа).
 Владельцы собственного бизнеса должны предоставить документы о регистрации предприятия и постановке его на учет в налоговой инспекции"
AUSTRALIA_602,Выписка с банковского счета(копия),"Желательно, плюс к этому, иметь движение по счету за последние 3-4 месяца "
AUSTRALIA_602,Черновик анкеты,"Черновик анкеты с некоторыми вопросами, ответы на  которые необходимы  нам для того чтобы 
мы заполнили основную анкету   на английском языке и отправили её в посольство Австралии"
AUSTRALIA_602,Копии виз,Ваша история путешествий оценивается по Вашим предыдущим визам
AUSTRALIA_602,Согласие,"Нотариально заверенное согласие родителей на выезд, если ребенок до 18 лет въезжает в Австралию без сопровождения родителей."
AUSTRALIA_602,Обязательно,"Для медицинских целей:
 <ul>
<li>Письмо (эпикриз) от лечащего врача с указанием диагноза, природы заболевания и причины, по которой требуется получение медицинской помощи в Австралии.</li>
<li>Письмо от врача или из лечебного учреждения в Австралии, в котором указывается готовность лечить Ваше заболевание, планируемая продолжительность лечения и стоимость медицинских услуг, включая вознаграждение врачей и лечебного учреждения, а также все другие расходы, связанные с лечением.</li>
Заявление о финансовой ответственности физических и юридических лиц, оплачивающих Вашу поездку и покрывающих медицинские расходы и расходы на проживание. Физические лица, гарантирующие оплату таких расходов, должны предоставить документы, подтверждающие соответствующие финансовые возможности, например справки из банков о вкладах и счетах или иные подтверждения доходов и сбережений, включая заверенные копии налоговых деклараций</li>
</ul>"
GB_1,Копия  действительного заграничного паспорта,1 и 2 страница. + копии предыдущих виз в великобританию если таковые имеются.
GB_1,Копия гражданского паспорта,Первые две страницы + страница с пропиской+все заполненные страницы 
GB_1,Фотография,Фото 35мм х 45мм – 2 штуки
GB_1,Справка с работы/учебы(копия),"Справка с работы (с указанием вашего оклада и стажа).
 Владельцы собственного бизнеса должны предоставить документы о регистрации предприятия и постановке его на учет в налоговой инспекции"
GB_1,Выписка с банковского счета(копия),"Желательно, плюс к этому, иметь движение по счету за последние 3-4 месяца "
GB_1,Для безработных,"письмо от спонсора о финансировании поездки, 
с указанием суммы, выделяемой ежемесячной финансовой помощи."
GB_1,Справка 2НДФЛ,
GB_1,"Копия документов о 
наличии движимого и недвижимого имущества*",
GB_1,Сведения о семье,"копии свидетельства о браке, о рождении детей;"
GB_1,Бронь отеля,в котором Вы собираетесь остановиться;
GB_1,Приглашение,от родственников или друзей в Великобритании
GB_1,Черновик анкеты,"""Черновик анкеты с некоторыми вопросами, ответы на  которые необходимы  нам для того чтобы 
мы заполнили основную анкету   на английском языке и отправили её в посольство Великобритании"
GB_2,Копия  действительного заграничного паспорта,1 и 2 страница. + копии предыдущих виз в великобританию если таковые имеются.
GB_2,Копия гражданского паспорта,Первые две страницы + страница с пропиской+все заполненные страницы 
GB_2,Фотография,Фото 35мм х 45мм – 2 штуки
GB_2,Visa Letter,"оригинал приглашения с 
подтверждением безусловного зачисления на курс, присланный из учебного заведения;"
GB_2,Подтверждение размещения,"на период поездки(принимающая семья, отель, резиденция)"
GB_2,Справка с работы/учебы(копия),"Справка с работы (с указанием вашего оклада и стажа).
 Владельцы собственного бизнеса должны предоставить документы о регистрации предприятия и постановке его на учет в налоговой инспекции"
GB_2,Выписка с банковского счета(копия),из расчета полного покрытия всех расходов студента
GB_2,Спонсорское письмо,"Если студент оплачивает поездку не самостоятельно, то необходимо
спонсорское письмо от одного из родственников студента"
GB_2,Сведения о семье,"копии свидетельства о браке, о рождении детей;"
GB_2,Черновик анкеты,"""Черновик анкеты с некоторыми вопросами, ответы на  которые необходимы  нам для того чтобы 
мы заполнили основную анкету   на английском языке и отправили её в посольство Великобритании"
GB_3,Копия  действительного заграничного паспорта,1 и 2 страница. + копии предыдущих виз в великобританию если таковые имеются.
GB_3,Копия гражданского паспорта,Первые две страницы + страница с пропиской+все заполненные страницы 
GB_3,Фотография,Фото 35мм х 45мм – 3 штуки
GB_3,Подтверждение о приёме на учёбу (Confirmation of Acceptance for Studies – CAS),"выпущенное не ранее, чем за 6 месяцев до момента подачи документов на визу; 
присланный из учебного заведения;"
GB_3,"оригиналы документов, перечисленных в CAS ","в качестве оснований для приёма на курс 
(дипломы, аттестаты, ведомости академических результатов, сертификаты и т.п.);"
GB_3,Подтверждение размещения,"на период поездки (принимающая семья, отель, резиденция);"
GB_3,Подтверждение уровня английского языка,"IELTS, TOEFL (кроме случаев,
 когда учебное заведение само проводит тестирование, и его результаты отражены в CAS);"
GB_3,"Письмо, подтверждающее факт оплаты курса",из учебного заведения с указанием полученной суммы;
GB_3,Выписка из банковского счёта *,из расчёта £1000 в месяц на человека;
GB_3,Для детей до 18 лет:,"<u>
<li>- нотариально заверенное согласие обоих родителей на выезд в Великобританию без сопровождения;</li>
<li>- нотариально заверенная копия Свидетельства о рождении (усыновлении, опеке); </li>
<li>- спонсорское письмо от родителей (форма произвольная); </li>
</u>"
GB_3,Черновик анкеты,"""Черновик анкеты с некоторыми вопросами, ответы на  которые необходимы  нам для того чтобы 
мы заполнили основную анкету   на английском языке и отправили её в посольство Великобритании"
GB_4,Копия  действительного заграничного паспорта,1 и 2 страница. + копии предыдущих виз в великобританию если таковые имеются.
GB_4,Копия гражданского паспорта,Первые две страницы + страница с пропиской+все заполненные страницы 
GB_4,Фотография,Фото 35мм х 45мм – 3 штуки
GB_4,Справка с работы/учебы(копия),"Справка с работы (с указанием вашего оклада и стажа).
 Владельцы собственного бизнеса должны предоставить документы о регистрации предприятия и постановке его на учет в налоговой инспекции"
GB_4,Выписка с банковского счета(копия),из расчета полного покрытия всех расходов заявителя на визу
GB_4,Сведения о семье,"копии свидетельства о браке, о рождении детей;"
GB_4,Черновик анкеты,"""Черновик анкеты с некоторыми вопросами, ответы на  которые необходимы  нам для того чтобы 
мы заполнили основную анкету   на английском языке и отправили её в посольство Великобритании"
GB_4,Справка 2НДФЛ,
GB_4,Приглашение от Ваших деловых партнеров в Великобритании,"С объяснением, почему Вас пригласили, с какой целью, и где Вы остановитесь.
 Если компания из Великобритании оплачивает поездку, это должно быть подтверждено в письме. Приглашение пишется на имя посольства Великобритании в Москве в свободной форме. Можно прислать по факсу или электронной почте."
GB_4," Копия документов о наличии движимого 
и недвижимого имущества;",
GB_4,Сведения о семье,"копии свидетельства о браке, о рождении детей;"
GB_4,Бронь отеля,в котором Вы собираетесь остановиться;
GB_5,Копия  действительного заграничного паспорта,1 и 2 страница. + копии предыдущих виз в великобританию если таковые имеются.
GB_5,Копия гражданского паспорта,Первые две страницы + страница с пропиской+все заполненные страницы 
GB_5,Фотография,Фото 35мм х 45мм – 2 штуки
GB_5,Справка с работы/учебы(копия),"Справка с работы (с указанием вашего оклада и стажа).
 Владельцы собственного бизнеса должны предоставить документы о регистрации предприятия и постановке его на учет в налоговой инспекции"
GB_5,Сведения о семье,"копии свидетельства о браке, о рождении детей;"
GB_5,Черновик анкеты,"""Черновик анкеты с некоторыми вопросами, ответы на  которые необходимы  нам для того чтобы 
мы заполнили основную анкету   на английском языке и отправили её в посольство Великобритании"
GB_5,Дополнительно,"<ul>
При обращении за транзитной визой необходимо продемонстрировать:

<li>Намерение немедленно и без остановок проехать транзитом через территорию Великобритании</li>
<li>Билет, выданный транспортной компанией, или иной документ, подтверждающий спланированную поездку до места назначения.</li>
<li>Документ, подтверждающий разрешение въехать в другое государство по выбытии из Великобритании. (паспорт с визой в ту страну в которую намереваетесь отправится)</li>
</ul>
Если у Вас существует запланированный маршрут, его необходимо предоставить, можно в свободной форме."
GB_6,Копия  действительного заграничного паспорта,1 и 2 страница. + копии предыдущих виз в великобританию если таковые имеются.
GB_6,Копия гражданского паспорта,Первые две страницы + страница с пропиской+все заполненные страницы 
GB_6,Фотография,Фото 35мм х 45мм – 2 штуки
GB_6,Справка с работы/учебы(копия),"Справка с работы (с указанием вашего оклада и стажа).
 Владельцы собственного бизнеса должны предоставить документы о регистрации предприятия и постановке его на учет в налоговой инспекции"
GB_6,Сведения о семье,"копии свидетельства о браке, о рождении детей;"
GB_6,Черновик анкеты,"""Черновик анкеты с некоторыми вопросами, ответы на  которые необходимы  нам для того чтобы 
мы заполнили основную анкету   на английском языке и отправили её в посольство Великобритании"
GB_6,Дополнительно,"Для медицинских целей:
 <ul>
<li>Письмо (эпикриз) от лечащего врача с указанием диагноза, природы заболевания и причины, по которой требуется получение медицинской помощи в Великобритании.</li>
<li>Письмо от врача или из лечебного учреждения в Великобритании, в котором указывается готовность лечить Ваше заболевание, планируемая продолжительность лечения и стоимость медицинских услуг, включая вознаграждение врачей и лечебного учреждения, а также все другие расходы, связанные с лечением.</li>
Заявление о финансовой ответственности физических и юридических лиц, оплачивающих Вашу поездку и покрывающих медицинские расходы и расходы на проживание. Физические лица, гарантирующие оплату таких расходов, должны предоставить документы, подтверждающие соответствующие финансовые возможности, например справки из банков о вкладах и счетах или иные подтверждения доходов и сбережений, включая заверенные копии налоговых деклараций</li>"
AUSTRALIA_189_190,Необходимые документы,"Все необходимые документы для данного типа визы для каждого заявителя индивидуальны.
 Пожалуйста обратитесь к нашему специалисту по телефону или по электронной почте, чтобы он помог Вам собрать все необходимые документы"
AUSTRALIA_457_186,Необходимые документы,"Все необходимые документы для данного типа визы для каждого заявителя индивидуальны.
 Пожалуйста обратитесь к нашему специалисту по телефону или по электронной почте, чтобы он помог Вам собрать все необходимые документы"
AUSTRALIA_BSNS,Необходимые документы,"Все необходимые документы для данного типа визы для каждого заявителя индивидуальны.
 Пожалуйста обратитесь к нашему специалисту по телефону или по электронной почте, чтобы он помог Вам собрать все необходимые документы"